REGION,TECHNOLOGY,VALUE
REGION1,ATBFHPFH1,31.536
REGION1,ATBMCCPH1,31.536
REGION1,ATBMCHPH3,31.536
REGION1,ATBMCSPN2,31.536
REGION1,ATBMSTPH3,31.536
REGION1,ATCOCHPH3,31.536
REGION1,ATCOCSPN2,31.536
REGION1,ATCOSTPH1,31.536
REGION1,ATCOSTPH3,31.536
REGION1,ATELCHPH1,31.536
REGION1,ATELCZPH1,31.536
REGION1,ATELDEPH1,31.536
REGION1,ATELHUPH1,31.536
REGION1,ATELITPH1,31.536
REGION1,ATELSIPH1,31.536
REGION1,ATGOCVPH2,31.536
REGION1,ATHFCCPH2,31.536
REGION1,ATHFCHPH3,31.536
REGION1,ATHFGCPH3,31.536
REGION1,ATHFGCPN3,31.536
REGION1,ATHFHPFH1,31.536
REGION1,ATHFHPPH2,31.536
REGION1,ATHFSTPH2,31.536
REGION1,ATHFSTPH3,31.536
REGION1,ATHYDMPH0,31.536
REGION1,ATHYDMPH1,31.536
REGION1,ATHYDMPH2,31.536
REGION1,ATHYDMPH3,31.536
REGION1,ATHYDSPH2,31.536
REGION1,ATHYDSPH3,31.536
REGION1,ATNGCCPH2,31.536
REGION1,ATNGCHPH3,31.536
REGION1,ATNGCHPN3,31.536
REGION1,ATNGCSPN2,31.536
REGION1,ATNGFCFH1,31.536
REGION1,ATNGGCPH2,31.536
REGION1,ATNGGCPN2,31.536
REGION1,ATNGHPFH1,31.536
REGION1,ATNGHPPH2,31.536
REGION1,ATNGSTPH2,31.536
REGION1,ATSODIFH1,31.536
REGION1,ATSOUTPH2,31.536
REGION1,ATWIONPH3,31.536
REGION1,ATWIONPN3,31.536
REGION1,ATWSCHPH2,31.536
REGION1,ATWSSTPH1,31.536
REGION1,BEBFHPFH1,31.536
REGION1,BEBMCCPH1,31.536
REGION1,BEBMCHPH3,31.536
REGION1,BEBMCSPN2,31.536
REGION1,BEBMSTPH3,31.536
REGION1,BECOCHPH3,31.536
REGION1,BECOCSPN2,31.536
REGION1,BECOSTPH1,31.536
REGION1,BECOSTPH3,31.536
REGION1,BEELFRPH1,31.536
REGION1,BEELLUPH1,31.536
REGION1,BEELNLPH1,31.536
REGION1,BEGOCVPH2,31.536
REGION1,BEHFCCPH2,31.536
REGION1,BEHFCHPH3,31.536
REGION1,BEHFGCPH3,31.536
REGION1,BEHFGCPN3,31.536
REGION1,BEHFHPFH1,31.536
REGION1,BEHFHPPH2,31.536
REGION1,BEHFSTPH2,31.536
REGION1,BEHFSTPH3,31.536
REGION1,BEHYDMPH0,31.536
REGION1,BEHYDMPH1,31.536
REGION1,BEHYDMPH2,31.536
REGION1,BEHYDMPH3,31.536
REGION1,BEHYDSPH2,31.536
REGION1,BEHYDSPH3,31.536
REGION1,BENGCCPH2,31.536
REGION1,BENGCHPH3,31.536
REGION1,BENGCHPN3,31.536
REGION1,BENGCSPN2,31.536
REGION1,BENGFCFH1,31.536
REGION1,BENGGCPH2,31.536
REGION1,BENGGCPN2,31.536
REGION1,BENGHPFH1,31.536
REGION1,BENGHPPH2,31.536
REGION1,BENGSTPH2,31.536
REGION1,BENUG2PH3,31.536
REGION1,BENUG3PN3,31.536
REGION1,BEOCWVPH1,31.536
REGION1,BESODIFH1,31.536
REGION1,BESOUTPH2,31.536
REGION1,BEWIOFPH3,31.536
REGION1,BEWIOFPN2,31.536
REGION1,BEWIOFPN3,31.536
REGION1,BEWIONPH3,31.536
REGION1,BEWIONPN3,31.536
REGION1,BEWSCHPH2,31.536
REGION1,BEWSSTPH1,31.536
REGION1,BGBFHPFH1,31.536
REGION1,BGBMCCPH1,31.536
REGION1,BGBMCHPH3,31.536
REGION1,BGBMCSPN2,31.536
REGION1,BGBMSTPH3,31.536
REGION1,BGCOCHPH3,31.536
REGION1,BGCOCSPN2,31.536
REGION1,BGCOSTPH1,31.536
REGION1,BGCOSTPH3,31.536
REGION1,BGELGRPH1,31.536
REGION1,BGELROPH1,31.536
REGION1,BGGOCVPH2,31.536
REGION1,BGHFCCPH2,31.536
REGION1,BGHFCHPH3,31.536
REGION1,BGHFGCPH3,31.536
REGION1,BGHFGCPN3,31.536
REGION1,BGHFHPFH1,31.536
REGION1,BGHFHPPH2,31.536
REGION1,BGHFSTPH2,31.536
REGION1,BGHFSTPH3,31.536
REGION1,BGHYDMPH0,31.536
REGION1,BGHYDMPH1,31.536
REGION1,BGHYDMPH2,31.536
REGION1,BGHYDMPH3,31.536
REGION1,BGHYDSPH2,31.536
REGION1,BGHYDSPH3,31.536
REGION1,BGNGCCPH2,31.536
REGION1,BGNGCHPH3,31.536
REGION1,BGNGCHPN3,31.536
REGION1,BGNGCSPN2,31.536
REGION1,BGNGFCFH1,31.536
REGION1,BGNGGCPH2,31.536
REGION1,BGNGGCPN2,31.536
REGION1,BGNGHPFH1,31.536
REGION1,BGNGHPPH2,31.536
REGION1,BGNGSTPH2,31.536
REGION1,BGNUG2PH3,31.536
REGION1,BGNUG3PN3,31.536
REGION1,BGOCWVPH1,31.536
REGION1,BGSODIFH1,31.536
REGION1,BGSOUTPH2,31.536
REGION1,BGWIONPH3,31.536
REGION1,BGWSCHPH2,31.536
REGION1,BGWSSTPH1,31.536
REGION1,CHBFHPFH1,31.536
REGION1,CHBMCCPH1,31.536
REGION1,CHBMCHPH3,31.536
REGION1,CHBMCSPN2,31.536
REGION1,CHBMSTPH3,31.536
REGION1,CHCOCHPH3,31.536
REGION1,CHCOCSPN2,31.536
REGION1,CHCOSTPH1,31.536
REGION1,CHCOSTPH3,31.536
REGION1,CHELDEPH1,31.536
REGION1,CHELFRPH1,31.536
REGION1,CHELITPH1,31.536
REGION1,CHGOCVPH2,31.536
REGION1,CHHFCCPH2,31.536
REGION1,CHHFCHPH3,31.536
REGION1,CHHFGCPH3,31.536
REGION1,CHHFGCPN3,31.536
REGION1,CHHFHPFH1,31.536
REGION1,CHHFHPPH2,31.536
REGION1,CHHFSTPH2,31.536
REGION1,CHHFSTPH3,31.536
REGION1,CHHYDMPH0,31.536
REGION1,CHHYDMPH1,31.536
REGION1,CHHYDMPH2,31.536
REGION1,CHHYDMPH3,31.536
REGION1,CHHYDSPH2,31.536
REGION1,CHHYDSPH3,31.536
REGION1,CHNGCCPH2,31.536
REGION1,CHNGCHPH3,31.536
REGION1,CHNGCHPN3,31.536
REGION1,CHNGCSPN2,31.536
REGION1,CHNGFCFH1,31.536
REGION1,CHNGGCPH2,31.536
REGION1,CHNGGCPN2,31.536
REGION1,CHNGHPFH1,31.536
REGION1,CHNGHPPH2,31.536
REGION1,CHNGSTPH2,31.536
REGION1,CHNUG2PH3,31.536
REGION1,CHNUG3PN3,31.536
REGION1,CHSODIFH1,31.536
REGION1,CHSOUTPH2,31.536
REGION1,CHWIONPH3,31.536
REGION1,CHWSCHPH2,31.536
REGION1,CHWSSTPH1,31.536
REGION1,CYBFHPFH1,31.536
REGION1,CYBMCCPH1,31.536
REGION1,CYBMCHPH3,31.536
REGION1,CYBMCSPN2,31.536
REGION1,CYBMSTPH3,31.536
REGION1,CYGOCVPH2,31.536
REGION1,CYHFCCPH2,31.536
REGION1,CYHFCHPH3,31.536
REGION1,CYHFGCPH3,31.536
REGION1,CYHFGCPN3,31.536
REGION1,CYHFHPFH1,31.536
REGION1,CYHFHPPH2,31.536
REGION1,CYHFSTPH2,31.536
REGION1,CYHFSTPH3,31.536
REGION1,CYNGCCPH2,31.536
REGION1,CYNGCHPH3,31.536
REGION1,CYNGCHPN3,31.536
REGION1,CYNGCSPN2,31.536
REGION1,CYNGFCFH1,31.536
REGION1,CYNGGCPH2,31.536
REGION1,CYNGGCPN2,31.536
REGION1,CYNGHPFH1,31.536
REGION1,CYNGHPPH2,31.536
REGION1,CYNGSTPH2,31.536
REGION1,CYOCWVPH1,31.536
REGION1,CYSODIFH1,31.536
REGION1,CYSOUTPH2,31.536
REGION1,CYWIONPH3,31.536
REGION1,CYWSCHPH2,31.536
REGION1,CYWSSTPH1,31.536
REGION1,CZBFHPFH1,31.536
REGION1,CZBMCCPH1,31.536
REGION1,CZBMCHPH3,31.536
REGION1,CZBMCSPN2,31.536
REGION1,CZBMSTPH3,31.536
REGION1,CZCOCHPH3,31.536
REGION1,CZCOCSPN2,31.536
REGION1,CZCOSTPH1,31.536
REGION1,CZCOSTPH3,31.536
REGION1,CZELDEPH1,31.536
REGION1,CZELPLPH1,31.536
REGION1,CZELSKPH1,31.536
REGION1,CZGOCVPH2,31.536
REGION1,CZHFCCPH2,31.536
REGION1,CZHFCHPH3,31.536
REGION1,CZHFGCPH3,31.536
REGION1,CZHFGCPN3,31.536
REGION1,CZHFHPFH1,31.536
REGION1,CZHFHPPH2,31.536
REGION1,CZHFSTPH2,31.536
REGION1,CZHFSTPH3,31.536
REGION1,CZHYDMPH0,31.536
REGION1,CZHYDMPH1,31.536
REGION1,CZHYDMPH2,31.536
REGION1,CZHYDMPH3,31.536
REGION1,CZHYDSPH2,31.536
REGION1,CZHYDSPH3,31.536
REGION1,CZNGCCPH2,31.536
REGION1,CZNGCHPH3,31.536
REGION1,CZNGCHPN3,31.536
REGION1,CZNGCSPN2,31.536
REGION1,CZNGFCFH1,31.536
REGION1,CZNGGCPH2,31.536
REGION1,CZNGGCPN2,31.536
REGION1,CZNGHPFH1,31.536
REGION1,CZNGHPPH2,31.536
REGION1,CZNGSTPH2,31.536
REGION1,CZNUG2PH3,31.536
REGION1,CZNUG3PN3,31.536
REGION1,CZSODIFH1,31.536
REGION1,CZSOUTPH2,31.536
REGION1,CZWIONPH3,31.536
REGION1,CZWSCHPH2,31.536
REGION1,CZWSSTPH1,31.536
REGION1,DEBFHPFH1,31.536
REGION1,DEBMCCPH1,31.536
REGION1,DEBMCHPH3,31.536
REGION1,DEBMCSPN2,31.536
REGION1,DEBMSTPH3,31.536
REGION1,DECOCHPH3,31.536
REGION1,DECOCSPN2,31.536
REGION1,DECOSTPH1,31.536
REGION1,DECOSTPH3,31.536
REGION1,DEELDKPH1,31.536
REGION1,DEELFRPH1,31.536
REGION1,DEELLUPH1,31.536
REGION1,DEELNLPH1,31.536
REGION1,DEELNOPH1,31.536
REGION1,DEELPLPH1,31.536
REGION1,DEELSEPH1,31.536
REGION1,DEGOCVPH2,31.536
REGION1,DEHFCCPH2,31.536
REGION1,DEHFCHPH3,31.536
REGION1,DEHFGCPH3,31.536
REGION1,DEHFGCPN3,31.536
REGION1,DEHFHPFH1,31.536
REGION1,DEHFHPPH2,31.536
REGION1,DEHFSTPH2,31.536
REGION1,DEHFSTPH3,31.536
REGION1,DEHYDMPH0,31.536
REGION1,DEHYDMPH1,31.536
REGION1,DEHYDMPH2,31.536
REGION1,DEHYDMPH3,31.536
REGION1,DEHYDSPH2,31.536
REGION1,DEHYDSPH3,31.536
REGION1,DENGCCPH2,31.536
REGION1,DENGCHPH3,31.536
REGION1,DENGCHPN3,31.536
REGION1,DENGCSPN2,31.536
REGION1,DENGFCFH1,31.536
REGION1,DENGGCPH2,31.536
REGION1,DENGGCPN2,31.536
REGION1,DENGHPFH1,31.536
REGION1,DENGHPPH2,31.536
REGION1,DENGSTPH2,31.536
REGION1,DENUG2PH3,31.536
REGION1,DEOCWVPH1,31.536
REGION1,DESODIFH1,31.536
REGION1,DESOUTPH2,31.536
REGION1,DEWIOFPH3,31.536
REGION1,DEWIOFPN2,31.536
REGION1,DEWIOFPN3,31.536
REGION1,DEWIONPH3,31.536
REGION1,DEWIONPN3,31.536
REGION1,DEWSCHPH2,31.536
REGION1,DEWSSTPH1,31.536
REGION1,DKBFHPFH1,31.536
REGION1,DKBMCCPH1,31.536
REGION1,DKBMCHPH3,31.536
REGION1,DKBMCSPN2,31.536
REGION1,DKBMSTPH3,31.536
REGION1,DKCOCHPH3,31.536
REGION1,DKCOCSPN2,31.536
REGION1,DKCOSTPH1,31.536
REGION1,DKCOSTPH3,31.536
REGION1,DKELNLPH1,31.536
REGION1,DKELNOPH1,31.536
REGION1,DKELSEPH1,31.536
REGION1,DKGOCVPH2,31.536
REGION1,DKHFCCPH2,31.536
REGION1,DKHFCHPH3,31.536
REGION1,DKHFGCPH3,31.536
REGION1,DKHFGCPN3,31.536
REGION1,DKHFHPFH1,31.536
REGION1,DKHFHPPH2,31.536
REGION1,DKHFSTPH2,31.536
REGION1,DKHFSTPH3,31.536
REGION1,DKHYDMPH0,31.536
REGION1,DKHYDMPH1,31.536
REGION1,DKHYDMPH2,31.536
REGION1,DKHYDMPH3,31.536
REGION1,DKNGCCPH2,31.536
REGION1,DKNGCHPH3,31.536
REGION1,DKNGCHPN3,31.536
REGION1,DKNGCSPN2,31.536
REGION1,DKNGFCFH1,31.536
REGION1,DKNGGCPH2,31.536
REGION1,DKNGGCPN2,31.536
REGION1,DKNGHPFH1,31.536
REGION1,DKNGHPPH2,31.536
REGION1,DKNGSTPH2,31.536
REGION1,DKOCWVPH1,31.536
REGION1,DKSODIFH1,31.536
REGION1,DKSOUTPH2,31.536
REGION1,DKWIOFPH3,31.536
REGION1,DKWIOFPN2,31.536
REGION1,DKWIOFPN3,31.536
REGION1,DKWIONPH3,31.536
REGION1,DKWSCHPH2,31.536
REGION1,DKWSSTPH1,31.536
REGION1,EEBFHPFH1,31.536
REGION1,EEBMCCPH1,31.536
REGION1,EEBMCHPH3,31.536
REGION1,EEBMCSPN2,31.536
REGION1,EEBMSTPH3,31.536
REGION1,EECOCHPH3,31.536
REGION1,EECOCSPN2,31.536
REGION1,EECOSTPH1,31.536
REGION1,EECOSTPH3,31.536
REGION1,EEELFIPH1,31.536
REGION1,EEELLVPH1,31.536
REGION1,EEGOCVPH2,31.536
REGION1,EEHFCCPH2,31.536
REGION1,EEHFCHPH3,31.536
REGION1,EEHFGCPH3,31.536
REGION1,EEHFGCPN3,31.536
REGION1,EEHFHPFH1,31.536
REGION1,EEHFHPPH2,31.536
REGION1,EEHFSTPH2,31.536
REGION1,EEHFSTPH3,31.536
REGION1,EEHYDMPH0,31.536
REGION1,EEHYDMPH1,31.536
REGION1,EEHYDMPH2,31.536
REGION1,EEHYDMPH3,31.536
REGION1,EENGCCPH2,31.536
REGION1,EENGCHPH3,31.536
REGION1,EENGCHPN3,31.536
REGION1,EENGCSPN2,31.536
REGION1,EENGFCFH1,31.536
REGION1,EENGGCPH2,31.536
REGION1,EENGGCPN2,31.536
REGION1,EENGHPFH1,31.536
REGION1,EENGHPPH2,31.536
REGION1,EENGSTPH2,31.536
REGION1,EEOCWVPH1,31.536
REGION1,EESODIFH1,31.536
REGION1,EESOUTPH2,31.536
REGION1,EEWIOFPN3,31.536
REGION1,EEWIONPH3,31.536
REGION1,EEWSCHPH2,31.536
REGION1,EEWSSTPH1,31.536
REGION1,ESBFHPFH1,31.536
REGION1,ESBMCCPH1,31.536
REGION1,ESBMCHPH3,31.536
REGION1,ESBMCSPN2,31.536
REGION1,ESBMSTPH3,31.536
REGION1,ESCOCHPH3,31.536
REGION1,ESCOCSPN2,31.536
REGION1,ESCOSTPH1,31.536
REGION1,ESCOSTPH3,31.536
REGION1,ESELFRPH1,31.536
REGION1,ESELPTPH1,31.536
REGION1,ESGOCVPH2,31.536
REGION1,ESHFCCPH2,31.536
REGION1,ESHFCHPH3,31.536
REGION1,ESHFGCPH3,31.536
REGION1,ESHFGCPN3,31.536
REGION1,ESHFHPFH1,31.536
REGION1,ESHFHPPH2,31.536
REGION1,ESHFSTPH2,31.536
REGION1,ESHFSTPH3,31.536
REGION1,ESHYDMPH0,31.536
REGION1,ESHYDMPH1,31.536
REGION1,ESHYDMPH2,31.536
REGION1,ESHYDMPH3,31.536
REGION1,ESHYDSPH2,31.536
REGION1,ESHYDSPH3,31.536
REGION1,ESNGCCPH2,31.536
REGION1,ESNGCHPH3,31.536
REGION1,ESNGCHPN3,31.536
REGION1,ESNGCSPN2,31.536
REGION1,ESNGFCFH1,31.536
REGION1,ESNGGCPH2,31.536
REGION1,ESNGGCPN2,31.536
REGION1,ESNGHPFH1,31.536
REGION1,ESNGHPPH2,31.536
REGION1,ESNGSTPH2,31.536
REGION1,ESNUG2PH3,31.536
REGION1,ESNUG3PN3,31.536
REGION1,ESOCWVPH1,31.536
REGION1,ESSODIFH1,31.536
REGION1,ESSOUTPH2,31.536
REGION1,ESWIOFPN3,31.536
REGION1,ESWIONPH3,31.536
REGION1,ESWIONPN3,31.536
REGION1,ESWSCHPH2,31.536
REGION1,ESWSSTPH1,31.536
REGION1,FIBFHPFH1,31.536
REGION1,FIBMCCPH1,31.536
REGION1,FIBMCHPH3,31.536
REGION1,FIBMCSPN2,31.536
REGION1,FIBMSTPH3,31.536
REGION1,FICOCHPH3,31.536
REGION1,FICOCSPN2,31.536
REGION1,FICOSTPH1,31.536
REGION1,FICOSTPH3,31.536
REGION1,FIELNOPH1,31.536
REGION1,FIELSEPH1,31.536
REGION1,FIGOCVPH2,31.536
REGION1,FIHFCCPH2,31.536
REGION1,FIHFCHPH3,31.536
REGION1,FIHFGCPH3,31.536
REGION1,FIHFGCPN3,31.536
REGION1,FIHFHPFH1,31.536
REGION1,FIHFHPPH2,31.536
REGION1,FIHFSTPH2,31.536
REGION1,FIHFSTPH3,31.536
REGION1,FIHYDMPH0,31.536
REGION1,FIHYDMPH1,31.536
REGION1,FIHYDMPH2,31.536
REGION1,FIHYDMPH3,31.536
REGION1,FINGCCPH2,31.536
REGION1,FINGCHPH3,31.536
REGION1,FINGCHPN3,31.536
REGION1,FINGCSPN2,31.536
REGION1,FINGFCFH1,31.536
REGION1,FINGGCPH2,31.536
REGION1,FINGGCPN2,31.536
REGION1,FINGHPFH1,31.536
REGION1,FINGHPPH2,31.536
REGION1,FINGSTPH2,31.536
REGION1,FINUG2PH3,31.536
REGION1,FINUG3PN3,31.536
REGION1,FIOCWVPH1,31.536
REGION1,FISODIFH1,31.536
REGION1,FISOUTPH2,31.536
REGION1,FIWIOFPH3,31.536
REGION1,FIWIOFPN2,31.536
REGION1,FIWIOFPN3,31.536
REGION1,FIWIONPH3,31.536
REGION1,FIWIONPN3,31.536
REGION1,FIWSCHPH2,31.536
REGION1,FIWSSTPH1,31.536
REGION1,FRBFHPFH1,31.536
REGION1,FRBMCCPH1,31.536
REGION1,FRBMCHPH3,31.536
REGION1,FRBMCSPN2,31.536
REGION1,FRBMSTPH3,31.536
REGION1,FRCOCHPH3,31.536
REGION1,FRCOCSPN2,31.536
REGION1,FRCOSTPH1,31.536
REGION1,FRCOSTPH3,31.536
REGION1,FRELITPH1,31.536
REGION1,FRELUKPH1,31.536
REGION1,FRGOCVPH2,31.536
REGION1,FRHFCCPH2,31.536
REGION1,FRHFCHPH3,31.536
REGION1,FRHFGCPH3,31.536
REGION1,FRHFGCPN3,31.536
REGION1,FRHFHPFH1,31.536
REGION1,FRHFHPPH2,31.536
REGION1,FRHFSTPH2,31.536
REGION1,FRHFSTPH3,31.536
REGION1,FRHYDMPH0,31.536
REGION1,FRHYDMPH1,31.536
REGION1,FRHYDMPH2,31.536
REGION1,FRHYDMPH3,31.536
REGION1,FRHYDSPH2,31.536
REGION1,FRHYDSPH3,31.536
REGION1,FRNGCCPH2,31.536
REGION1,FRNGCHPH3,31.536
REGION1,FRNGCHPN3,31.536
REGION1,FRNGCSPN2,31.536
REGION1,FRNGFCFH1,31.536
REGION1,FRNGGCPH2,31.536
REGION1,FRNGGCPN2,31.536
REGION1,FRNGHPFH1,31.536
REGION1,FRNGHPPH2,31.536
REGION1,FRNGSTPH2,31.536
REGION1,FRNUG2PH3,31.536
REGION1,FRNUG3PN3,31.536
REGION1,FROCWVPH1,31.536
REGION1,FRSODIFH1,31.536
REGION1,FRSOUTPH2,31.536
REGION1,FRWIOFPH3,31.536
REGION1,FRWIOFPN2,31.536
REGION1,FRWIOFPN3,31.536
REGION1,FRWIONPH3,31.536
REGION1,FRWIONPN3,31.536
REGION1,FRWSCHPH2,31.536
REGION1,FRWSSTPH1,31.536
REGION1,GRBFHPFH1,31.536
REGION1,GRBMCCPH1,31.536
REGION1,GRBMCHPH3,31.536
REGION1,GRBMCSPN2,31.536
REGION1,GRBMSTPH3,31.536
REGION1,GRCOCHPH3,31.536
REGION1,GRCOCSPN2,31.536
REGION1,GRCOSTPH1,31.536
REGION1,GRCOSTPH3,31.536
REGION1,GRELITPH1,31.536
REGION1,GRGOCVPH2,31.536
REGION1,GRHFCCPH2,31.536
REGION1,GRHFCHPH3,31.536
REGION1,GRHFGCPH3,31.536
REGION1,GRHFGCPN3,31.536
REGION1,GRHFHPFH1,31.536
REGION1,GRHFHPPH2,31.536
REGION1,GRHFSTPH2,31.536
REGION1,GRHFSTPH3,31.536
REGION1,GRHYDMPH0,31.536
REGION1,GRHYDMPH1,31.536
REGION1,GRHYDMPH2,31.536
REGION1,GRHYDMPH3,31.536
REGION1,GRHYDSPH2,31.536
REGION1,GRHYDSPH3,31.536
REGION1,GRNGCCPH2,31.536
REGION1,GRNGCHPH3,31.536
REGION1,GRNGCHPN3,31.536
REGION1,GRNGCSPN2,31.536
REGION1,GRNGFCFH1,31.536
REGION1,GRNGGCPH2,31.536
REGION1,GRNGGCPN2,31.536
REGION1,GRNGHPFH1,31.536
REGION1,GRNGHPPH2,31.536
REGION1,GRNGSTPH2,31.536
REGION1,GROCWVPH1,31.536
REGION1,GRSODIFH1,31.536
REGION1,GRSOUTPH2,31.536
REGION1,GRWIOFPN3,31.536
REGION1,GRWIONPH3,31.536
REGION1,GRWSCHPH2,31.536
REGION1,GRWSSTPH1,31.536
REGION1,HRBFHPFH1,31.536
REGION1,HRBMCCPH1,31.536
REGION1,HRBMCHPH3,31.536
REGION1,HRBMCSPN2,31.536
REGION1,HRBMSTPH3,31.536
REGION1,HRCOCHPH3,31.536
REGION1,HRCOCSPN2,31.536
REGION1,HRCOSTPH1,31.536
REGION1,HRCOSTPH3,31.536
REGION1,HRELHUPH1,31.536
REGION1,HRELSIPH1,31.536
REGION1,HRGOCVPH2,31.536
REGION1,HRHFCCPH2,31.536
REGION1,HRHFCHPH3,31.536
REGION1,HRHFGCPH3,31.536
REGION1,HRHFGCPN3,31.536
REGION1,HRHFHPFH1,31.536
REGION1,HRHFHPPH2,31.536
REGION1,HRHFSTPH2,31.536
REGION1,HRHFSTPH3,31.536
REGION1,HRHYDMPH0,31.536
REGION1,HRHYDMPH1,31.536
REGION1,HRHYDMPH2,31.536
REGION1,HRHYDMPH3,31.536
REGION1,HRHYDSPH2,31.536
REGION1,HRHYDSPH3,31.536
REGION1,HRNGCCPH2,31.536
REGION1,HRNGCHPH3,31.536
REGION1,HRNGCHPN3,31.536
REGION1,HRNGCSPN2,31.536
REGION1,HRNGFCFH1,31.536
REGION1,HRNGGCPH2,31.536
REGION1,HRNGGCPN2,31.536
REGION1,HRNGHPFH1,31.536
REGION1,HRNGHPPH2,31.536
REGION1,HRNGSTPH2,31.536
REGION1,HRSODIFH1,31.536
REGION1,HRSOUTPH2,31.536
REGION1,HRWIONPH3,31.536
REGION1,HRWSCHPH2,31.536
REGION1,HRWSSTPH1,31.536
REGION1,HUBFHPFH1,31.536
REGION1,HUBMCCPH1,31.536
REGION1,HUBMCHPH3,31.536
REGION1,HUBMCSPN2,31.536
REGION1,HUBMSTPH3,31.536
REGION1,HUCOCHPH3,31.536
REGION1,HUCOCSPN2,31.536
REGION1,HUCOSTPH1,31.536
REGION1,HUCOSTPH3,31.536
REGION1,HUELROPH1,31.536
REGION1,HUELSKPH1,31.536
REGION1,HUGOCVPH2,31.536
REGION1,HUHFCCPH2,31.536
REGION1,HUHFCHPH3,31.536
REGION1,HUHFGCPH3,31.536
REGION1,HUHFGCPN3,31.536
REGION1,HUHFHPFH1,31.536
REGION1,HUHFHPPH2,31.536
REGION1,HUHFSTPH2,31.536
REGION1,HUHFSTPH3,31.536
REGION1,HUHYDMPH0,31.536
REGION1,HUHYDMPH1,31.536
REGION1,HUHYDMPH2,31.536
REGION1,HUHYDMPH3,31.536
REGION1,HUNGCCPH2,31.536
REGION1,HUNGCHPH3,31.536
REGION1,HUNGCHPN3,31.536
REGION1,HUNGCSPN2,31.536
REGION1,HUNGFCFH1,31.536
REGION1,HUNGGCPH2,31.536
REGION1,HUNGGCPN2,31.536
REGION1,HUNGHPFH1,31.536
REGION1,HUNGHPPH2,31.536
REGION1,HUNGSTPH2,31.536
REGION1,HUNUG2PH3,31.536
REGION1,HUNUG3PN3,31.536
REGION1,HUSODIFH1,31.536
REGION1,HUSOUTPH2,31.536
REGION1,HUWIONPH3,31.536
REGION1,HUWSCHPH2,31.536
REGION1,HUWSSTPH1,31.536
REGION1,IEBFHPFH1,31.536
REGION1,IEBMCCPH1,31.536
REGION1,IEBMCHPH3,31.536
REGION1,IEBMCSPN2,31.536
REGION1,IEBMSTPH3,31.536
REGION1,IECOCHPH3,31.536
REGION1,IECOCSPN2,31.536
REGION1,IECOSTPH1,31.536
REGION1,IECOSTPH3,31.536
REGION1,IEELUKPH1,31.536
REGION1,IEGOCVPH2,31.536
REGION1,IEHFCCPH2,31.536
REGION1,IEHFCHPH3,31.536
REGION1,IEHFGCPH3,31.536
REGION1,IEHFGCPN3,31.536
REGION1,IEHFHPFH1,31.536
REGION1,IEHFHPPH2,31.536
REGION1,IEHFSTPH2,31.536
REGION1,IEHFSTPH3,31.536
REGION1,IEHYDMPH0,31.536
REGION1,IEHYDMPH1,31.536
REGION1,IEHYDMPH2,31.536
REGION1,IEHYDMPH3,31.536
REGION1,IEHYDSPH2,31.536
REGION1,IEHYDSPH3,31.536
REGION1,IENGCCPH2,31.536
REGION1,IENGCHPH3,31.536
REGION1,IENGCHPN3,31.536
REGION1,IENGCSPN2,31.536
REGION1,IENGFCFH1,31.536
REGION1,IENGGCPH2,31.536
REGION1,IENGGCPN2,31.536
REGION1,IENGHPFH1,31.536
REGION1,IENGHPPH2,31.536
REGION1,IENGSTPH2,31.536
REGION1,IEOCWVPH1,31.536
REGION1,IESODIFH1,31.536
REGION1,IESOUTPH2,31.536
REGION1,IEWIOFPH3,31.536
REGION1,IEWIOFPN2,31.536
REGION1,IEWIOFPN3,31.536
REGION1,IEWIONPH3,31.536
REGION1,IEWIONPN3,31.536
REGION1,IEWSCHPH2,31.536
REGION1,IEWSSTPH1,31.536
REGION1,ITBFHPFH1,31.536
REGION1,ITBMCCPH1,31.536
REGION1,ITBMCHPH3,31.536
REGION1,ITBMCSPN2,31.536
REGION1,ITBMSTPH3,31.536
REGION1,ITCOCHPH3,31.536
REGION1,ITCOCSPN2,31.536
REGION1,ITCOSTPH1,31.536
REGION1,ITCOSTPH3,31.536
REGION1,ITELMTPH1,31.536
REGION1,ITELSIPH1,31.536
REGION1,ITGOCVPH2,31.536
REGION1,ITHFCCPH2,31.536
REGION1,ITHFCHPH3,31.536
REGION1,ITHFGCPH3,31.536
REGION1,ITHFGCPN3,31.536
REGION1,ITHFHPFH1,31.536
REGION1,ITHFHPPH2,31.536
REGION1,ITHFSTPH2,31.536
REGION1,ITHFSTPH3,31.536
REGION1,ITHYDMPH0,31.536
REGION1,ITHYDMPH1,31.536
REGION1,ITHYDMPH2,31.536
REGION1,ITHYDMPH3,31.536
REGION1,ITHYDSPH2,31.536
REGION1,ITHYDSPH3,31.536
REGION1,ITNGCCPH2,31.536
REGION1,ITNGCHPH3,31.536
REGION1,ITNGCHPN3,31.536
REGION1,ITNGCSPN2,31.536
REGION1,ITNGFCFH1,31.536
REGION1,ITNGGCPH2,31.536
REGION1,ITNGGCPN2,31.536
REGION1,ITNGHPFH1,31.536
REGION1,ITNGHPPH2,31.536
REGION1,ITNGSTPH2,31.536
REGION1,ITOCWVPH1,31.536
REGION1,ITSODIFH1,31.536
REGION1,ITSOUTPH2,31.536
REGION1,ITWIOFPN2,31.536
REGION1,ITWIOFPN3,31.536
REGION1,ITWIONPH3,31.536
REGION1,ITWIONPN3,31.536
REGION1,ITWSCHPH2,31.536
REGION1,ITWSSTPH1,31.536
REGION1,LTBFHPFH1,31.536
REGION1,LTBMCCPH1,31.536
REGION1,LTBMCHPH3,31.536
REGION1,LTBMCSPN2,31.536
REGION1,LTBMSTPH3,31.536
REGION1,LTCOCHPH3,31.536
REGION1,LTCOCSPN2,31.536
REGION1,LTCOSTPH1,31.536
REGION1,LTCOSTPH3,31.536
REGION1,LTELLVPH1,31.536
REGION1,LTELPLPH1,31.536
REGION1,LTELSEPH1,31.536
REGION1,LTGOCVPH2,31.536
REGION1,LTHFCCPH2,31.536
REGION1,LTHFCHPH3,31.536
REGION1,LTHFGCPH3,31.536
REGION1,LTHFGCPN3,31.536
REGION1,LTHFHPFH1,31.536
REGION1,LTHFHPPH2,31.536
REGION1,LTHFSTPH2,31.536
REGION1,LTHFSTPH3,31.536
REGION1,LTHYDMPH0,31.536
REGION1,LTHYDMPH1,31.536
REGION1,LTHYDMPH2,31.536
REGION1,LTHYDMPH3,31.536
REGION1,LTHYDSPH2,31.536
REGION1,LTHYDSPH3,31.536
REGION1,LTNGCCPH2,31.536
REGION1,LTNGCHPH3,31.536
REGION1,LTNGCHPN3,31.536
REGION1,LTNGCSPN2,31.536
REGION1,LTNGFCFH1,31.536
REGION1,LTNGGCPH2,31.536
REGION1,LTNGGCPN2,31.536
REGION1,LTNGHPFH1,31.536
REGION1,LTNGHPPH2,31.536
REGION1,LTNGSTPH2,31.536
REGION1,LTOCWVPH1,31.536
REGION1,LTSODIFH1,31.536
REGION1,LTSOUTPH2,31.536
REGION1,LTWIOFPH3,31.536
REGION1,LTWIONPH3,31.536
REGION1,LTWSCHPH2,31.536
REGION1,LTWSSTPH1,31.536
REGION1,LUBFHPFH1,31.536
REGION1,LUBMCCPH1,31.536
REGION1,LUBMCHPH3,31.536
REGION1,LUBMCSPN2,31.536
REGION1,LUBMSTPH3,31.536
REGION1,LUCOCHPH3,31.536
REGION1,LUCOCSPN2,31.536
REGION1,LUCOSTPH1,31.536
REGION1,LUCOSTPH3,31.536
REGION1,LUGOCVPH2,31.536
REGION1,LUHFCCPH2,31.536
REGION1,LUHFCHPH3,31.536
REGION1,LUHFGCPH3,31.536
REGION1,LUHFGCPN3,31.536
REGION1,LUHFHPFH1,31.536
REGION1,LUHFHPPH2,31.536
REGION1,LUHFSTPH2,31.536
REGION1,LUHFSTPH3,31.536
REGION1,LUHYDMPH0,31.536
REGION1,LUHYDMPH1,31.536
REGION1,LUHYDMPH2,31.536
REGION1,LUHYDMPH3,31.536
REGION1,LUHYDSPH2,31.536
REGION1,LUHYDSPH3,31.536
REGION1,LUNGCCPH2,31.536
REGION1,LUNGCHPH3,31.536
REGION1,LUNGCHPN3,31.536
REGION1,LUNGCSPN2,31.536
REGION1,LUNGFCFH1,31.536
REGION1,LUNGGCPH2,31.536
REGION1,LUNGGCPN2,31.536
REGION1,LUNGHPFH1,31.536
REGION1,LUNGHPPH2,31.536
REGION1,LUNGSTPH2,31.536
REGION1,LUSODIFH1,31.536
REGION1,LUSOUTPH2,31.536
REGION1,LUWIONPH3,31.536
REGION1,LUWIONPN3,31.536
REGION1,LUWSCHPH2,31.536
REGION1,LUWSSTPH1,31.536
REGION1,LVBFHPFH1,31.536
REGION1,LVBMCCPH1,31.536
REGION1,LVBMCHPH3,31.536
REGION1,LVBMCSPN2,31.536
REGION1,LVBMSTPH3,31.536
REGION1,LVCOCHPH3,31.536
REGION1,LVCOCSPN2,31.536
REGION1,LVCOSTPH1,31.536
REGION1,LVCOSTPH3,31.536
REGION1,LVGOCVPH2,31.536
REGION1,LVHFCCPH2,31.536
REGION1,LVHFCHPH3,31.536
REGION1,LVHFGCPH3,31.536
REGION1,LVHFGCPN3,31.536
REGION1,LVHFHPFH1,31.536
REGION1,LVHFHPPH2,31.536
REGION1,LVHFSTPH2,31.536
REGION1,LVHFSTPH3,31.536
REGION1,LVHYDMPH0,31.536
REGION1,LVHYDMPH1,31.536
REGION1,LVHYDMPH2,31.536
REGION1,LVHYDMPH3,31.536
REGION1,LVNGCCPH2,31.536
REGION1,LVNGCHPH3,31.536
REGION1,LVNGCHPN3,31.536
REGION1,LVNGCSPN2,31.536
REGION1,LVNGFCFH1,31.536
REGION1,LVNGGCPH2,31.536
REGION1,LVNGGCPN2,31.536
REGION1,LVNGHPFH1,31.536
REGION1,LVNGHPPH2,31.536
REGION1,LVNGSTPH2,31.536
REGION1,LVOCWVPH1,31.536
REGION1,LVSODIFH1,31.536
REGION1,LVSOUTPH2,31.536
REGION1,LVWIONPH3,31.536
REGION1,LVWSCHPH2,31.536
REGION1,LVWSSTPH1,31.536
REGION1,MTBFHPFH1,31.536
REGION1,MTBMCCPH1,31.536
REGION1,MTBMCHPH3,31.536
REGION1,MTBMCSPN2,31.536
REGION1,MTBMSTPH3,31.536
REGION1,MTHFCCPH2,31.536
REGION1,MTHFCHPH3,31.536
REGION1,MTHFGCPH3,31.536
REGION1,MTHFGCPN3,31.536
REGION1,MTHFHPFH1,31.536
REGION1,MTHFHPPH2,31.536
REGION1,MTHFSTPH2,31.536
REGION1,MTHFSTPH3,31.536
REGION1,MTNGCCPH2,31.536
REGION1,MTNGCHPH3,31.536
REGION1,MTNGCHPN3,31.536
REGION1,MTNGCSPN2,31.536
REGION1,MTNGFCFH1,31.536
REGION1,MTNGGCPH2,31.536
REGION1,MTNGGCPN2,31.536
REGION1,MTNGHPFH1,31.536
REGION1,MTNGHPPH2,31.536
REGION1,MTNGSTPH2,31.536
REGION1,MTOCWVPH1,31.536
REGION1,MTSODIFH1,31.536
REGION1,MTSOUTPH2,31.536
REGION1,MTWIONPH3,31.536
REGION1,MTWSCHPH2,31.536
REGION1,MTWSSTPH1,31.536
REGION1,NLBFHPFH1,31.536
REGION1,NLBMCCPH1,31.536
REGION1,NLBMCHPH3,31.536
REGION1,NLBMCSPN2,31.536
REGION1,NLBMSTPH3,31.536
REGION1,NLCOCHPH3,31.536
REGION1,NLCOCSPN2,31.536
REGION1,NLCOSTPH1,31.536
REGION1,NLCOSTPH3,31.536
REGION1,NLELNOPH1,31.536
REGION1,NLELUKPH1,31.536
REGION1,NLGOCVPH2,31.536
REGION1,NLHFCCPH2,31.536
REGION1,NLHFCHPH3,31.536
REGION1,NLHFGCPH3,31.536
REGION1,NLHFGCPN3,31.536
REGION1,NLHFHPFH1,31.536
REGION1,NLHFHPPH2,31.536
REGION1,NLHFSTPH2,31.536
REGION1,NLHFSTPH3,31.536
REGION1,NLHYDMPH0,31.536
REGION1,NLHYDMPH1,31.536
REGION1,NLHYDMPH2,31.536
REGION1,NLHYDMPH3,31.536
REGION1,NLNGCCPH2,31.536
REGION1,NLNGCHPH3,31.536
REGION1,NLNGCHPN3,31.536
REGION1,NLNGCSPN2,31.536
REGION1,NLNGFCFH1,31.536
REGION1,NLNGGCPH2,31.536
REGION1,NLNGGCPN2,31.536
REGION1,NLNGHPFH1,31.536
REGION1,NLNGHPPH2,31.536
REGION1,NLNGSTPH2,31.536
REGION1,NLNUG2PH3,31.536
REGION1,NLNUG3PN3,31.536
REGION1,NLOCWVPH1,31.536
REGION1,NLSODIFH1,31.536
REGION1,NLSOUTPH2,31.536
REGION1,NLWIOFPH3,31.536
REGION1,NLWIOFPN2,31.536
REGION1,NLWIOFPN3,31.536
REGION1,NLWIONPH3,31.536
REGION1,NLWIONPN3,31.536
REGION1,NLWSCHPH2,31.536
REGION1,NLWSSTPH1,31.536
REGION1,NOBFHPFH1,31.536
REGION1,NOBMCCPH1,31.536
REGION1,NOBMCHPH3,31.536
REGION1,NOBMCSPN2,31.536
REGION1,NOBMSTPH3,31.536
REGION1,NOCOCHPH3,31.536
REGION1,NOCOCSPN2,31.536
REGION1,NOCOSTPH1,31.536
REGION1,NOCOSTPH3,31.536
REGION1,NOELSEPH1,31.536
REGION1,NOELUKPH1,31.536
REGION1,NOHFCCPH2,31.536
REGION1,NOHFCHPH3,31.536
REGION1,NOHFGCPH3,31.536
REGION1,NOHFGCPN3,31.536
REGION1,NOHFHPFH1,31.536
REGION1,NOHFHPPH2,31.536
REGION1,NOHFSTPH2,31.536
REGION1,NOHFSTPH3,31.536
REGION1,NOHYDMPH0,31.536
REGION1,NOHYDMPH1,31.536
REGION1,NOHYDMPH2,31.536
REGION1,NOHYDMPH3,31.536
REGION1,NOHYDSPH2,31.536
REGION1,NOHYDSPH3,31.536
REGION1,NONGCCPH2,31.536
REGION1,NONGCHPH3,31.536
REGION1,NONGCHPN3,31.536
REGION1,NONGCSPN2,31.536
REGION1,NONGFCFH1,31.536
REGION1,NONGGCPH2,31.536
REGION1,NONGGCPN2,31.536
REGION1,NONGHPFH1,31.536
REGION1,NONGHPPH2,31.536
REGION1,NONGSTPH2,31.536
REGION1,NONUG3PN3,31.536
REGION1,NOOCWVPH1,31.536
REGION1,NOSODIFH1,31.536
REGION1,NOSOUTPH2,31.536
REGION1,NOWIOFPH3,31.536
REGION1,NOWIOFPN2,31.536
REGION1,NOWIOFPN3,31.536
REGION1,NOWIONPH3,31.536
REGION1,NOWIONPN3,31.536
REGION1,NOWSCHPH2,31.536
REGION1,NOWSSTPH1,31.536
REGION1,PLBFHPFH1,31.536
REGION1,PLBMCCPH1,31.536
REGION1,PLBMCHPH3,31.536
REGION1,PLBMCSPN2,31.536
REGION1,PLBMSTPH3,31.536
REGION1,PLCOCHPH3,31.536
REGION1,PLCOCSPN2,31.536
REGION1,PLCOSTPH1,31.536
REGION1,PLCOSTPH3,31.536
REGION1,PLELSEPH1,31.536
REGION1,PLELSKPH1,31.536
REGION1,PLGOCVPH2,31.536
REGION1,PLHFCCPH2,31.536
REGION1,PLHFCHPH3,31.536
REGION1,PLHFGCPH3,31.536
REGION1,PLHFGCPN3,31.536
REGION1,PLHFHPFH1,31.536
REGION1,PLHFHPPH2,31.536
REGION1,PLHFSTPH2,31.536
REGION1,PLHFSTPH3,31.536
REGION1,PLHYDMPH0,31.536
REGION1,PLHYDMPH1,31.536
REGION1,PLHYDMPH2,31.536
REGION1,PLHYDMPH3,31.536
REGION1,PLHYDSPH2,31.536
REGION1,PLHYDSPH3,31.536
REGION1,PLNGCCPH2,31.536
REGION1,PLNGCHPH3,31.536
REGION1,PLNGCHPN3,31.536
REGION1,PLNGCSPN2,31.536
REGION1,PLNGFCFH1,31.536
REGION1,PLNGGCPH2,31.536
REGION1,PLNGGCPN2,31.536
REGION1,PLNGHPFH1,31.536
REGION1,PLNGHPPH2,31.536
REGION1,PLNGSTPH2,31.536
REGION1,PLNUG3PN3,31.536
REGION1,PLOCWVPH1,31.536
REGION1,PLSODIFH1,31.536
REGION1,PLSOUTPH2,31.536
REGION1,PLWIOFPN3,31.536
REGION1,PLWIONPH3,31.536
REGION1,PLWIONPN3,31.536
REGION1,PLWSCHPH2,31.536
REGION1,PLWSSTPH1,31.536
REGION1,PTBFHPFH1,31.536
REGION1,PTBMCCPH1,31.536
REGION1,PTBMCHPH3,31.536
REGION1,PTBMCSPN2,31.536
REGION1,PTBMSTPH3,31.536
REGION1,PTCOCHPH3,31.536
REGION1,PTCOCSPN2,31.536
REGION1,PTCOSTPH1,31.536
REGION1,PTCOSTPH3,31.536
REGION1,PTGOCVPH2,31.536
REGION1,PTHFCCPH2,31.536
REGION1,PTHFCHPH3,31.536
REGION1,PTHFGCPH3,31.536
REGION1,PTHFGCPN3,31.536
REGION1,PTHFHPFH1,31.536
REGION1,PTHFHPPH2,31.536
REGION1,PTHFSTPH2,31.536
REGION1,PTHFSTPH3,31.536
REGION1,PTHYDMPH0,31.536
REGION1,PTHYDMPH1,31.536
REGION1,PTHYDMPH2,31.536
REGION1,PTHYDMPH3,31.536
REGION1,PTHYDSPH2,31.536
REGION1,PTHYDSPH3,31.536
REGION1,PTNGCCPH2,31.536
REGION1,PTNGCHPH3,31.536
REGION1,PTNGCHPN3,31.536
REGION1,PTNGCSPN2,31.536
REGION1,PTNGFCFH1,31.536
REGION1,PTNGGCPH2,31.536
REGION1,PTNGGCPN2,31.536
REGION1,PTNGHPFH1,31.536
REGION1,PTNGHPPH2,31.536
REGION1,PTNGSTPH2,31.536
REGION1,PTOCWVPH1,31.536
REGION1,PTSODIFH1,31.536
REGION1,PTSOUTPH2,31.536
REGION1,PTWIOFPH3,31.536
REGION1,PTWIONPH3,31.536
REGION1,PTWSCHPH2,31.536
REGION1,PTWSSTPH1,31.536
REGION1,ROBFHPFH1,31.536
REGION1,ROBMCCPH1,31.536
REGION1,ROBMCHPH3,31.536
REGION1,ROBMCSPN2,31.536
REGION1,ROBMSTPH3,31.536
REGION1,ROCOCHPH3,31.536
REGION1,ROCOCSPN2,31.536
REGION1,ROCOSTPH1,31.536
REGION1,ROCOSTPH3,31.536
REGION1,ROGOCVPH2,31.536
REGION1,ROHFCCPH2,31.536
REGION1,ROHFCHPH3,31.536
REGION1,ROHFGCPH3,31.536
REGION1,ROHFGCPN3,31.536
REGION1,ROHFHPFH1,31.536
REGION1,ROHFHPPH2,31.536
REGION1,ROHFSTPH2,31.536
REGION1,ROHFSTPH3,31.536
REGION1,ROHYDMPH0,31.536
REGION1,ROHYDMPH1,31.536
REGION1,ROHYDMPH2,31.536
REGION1,ROHYDMPH3,31.536
REGION1,RONGCCPH2,31.536
REGION1,RONGCHPH3,31.536
REGION1,RONGCHPN3,31.536
REGION1,RONGCSPN2,31.536
REGION1,RONGFCFH1,31.536
REGION1,RONGGCPH2,31.536
REGION1,RONGGCPN2,31.536
REGION1,RONGHPFH1,31.536
REGION1,RONGHPPH2,31.536
REGION1,RONGSTPH2,31.536
REGION1,RONUG2PH3,31.536
REGION1,RONUG3PN3,31.536
REGION1,ROOCWVPH1,31.536
REGION1,ROSODIFH1,31.536
REGION1,ROSOUTPH2,31.536
REGION1,ROWIONPH3,31.536
REGION1,ROWIONPN3,31.536
REGION1,ROWSCHPH2,31.536
REGION1,ROWSSTPH1,31.536
REGION1,SEBFHPFH1,31.536
REGION1,SEBMCCPH1,31.536
REGION1,SEBMCHPH3,31.536
REGION1,SEBMCSPN2,31.536
REGION1,SEBMSTPH3,31.536
REGION1,SECOCHPH3,31.536
REGION1,SECOCSPN2,31.536
REGION1,SECOSTPH1,31.536
REGION1,SECOSTPH3,31.536
REGION1,SEGOCVPH2,31.536
REGION1,SEHFCCPH2,31.536
REGION1,SEHFCHPH3,31.536
REGION1,SEHFGCPH3,31.536
REGION1,SEHFGCPN3,31.536
REGION1,SEHFHPFH1,31.536
REGION1,SEHFHPPH2,31.536
REGION1,SEHFSTPH2,31.536
REGION1,SEHFSTPH3,31.536
REGION1,SEHYDMPH0,31.536
REGION1,SEHYDMPH1,31.536
REGION1,SEHYDMPH2,31.536
REGION1,SEHYDMPH3,31.536
REGION1,SEHYDSPH2,31.536
REGION1,SEHYDSPH3,31.536
REGION1,SENGCCPH2,31.536
REGION1,SENGCHPH3,31.536
REGION1,SENGCHPN3,31.536
REGION1,SENGCSPN2,31.536
REGION1,SENGFCFH1,31.536
REGION1,SENGGCPH2,31.536
REGION1,SENGGCPN2,31.536
REGION1,SENGHPFH1,31.536
REGION1,SENGHPPH2,31.536
REGION1,SENGSTPH2,31.536
REGION1,SENUG2PH3,31.536
REGION1,SENUG3PN3,31.536
REGION1,SEOCWVPH1,31.536
REGION1,SESODIFH1,31.536
REGION1,SESOUTPH2,31.536
REGION1,SEWIOFPH3,31.536
REGION1,SEWIOFPN2,31.536
REGION1,SEWIOFPN3,31.536
REGION1,SEWIONPH3,31.536
REGION1,SEWIONPN3,31.536
REGION1,SEWSCHPH2,31.536
REGION1,SEWSSTPH1,31.536
REGION1,SIBFHPFH1,31.536
REGION1,SIBMCCPH1,31.536
REGION1,SIBMCHPH3,31.536
REGION1,SIBMCSPN2,31.536
REGION1,SIBMSTPH3,31.536
REGION1,SICOCHPH3,31.536
REGION1,SICOCSPN2,31.536
REGION1,SICOSTPH1,31.536
REGION1,SICOSTPH3,31.536
REGION1,SIGOCVPH2,31.536
REGION1,SIHFCCPH2,31.536
REGION1,SIHFCHPH3,31.536
REGION1,SIHFGCPH3,31.536
REGION1,SIHFGCPN3,31.536
REGION1,SIHFHPFH1,31.536
REGION1,SIHFHPPH2,31.536
REGION1,SIHFSTPH2,31.536
REGION1,SIHFSTPH3,31.536
REGION1,SIHYDMPH0,31.536
REGION1,SIHYDMPH1,31.536
REGION1,SIHYDMPH2,31.536
REGION1,SIHYDMPH3,31.536
REGION1,SIHYDSPH2,31.536
REGION1,SIHYDSPH3,31.536
REGION1,SINGCCPH2,31.536
REGION1,SINGCHPH3,31.536
REGION1,SINGCHPN3,31.536
REGION1,SINGCSPN2,31.536
REGION1,SINGFCFH1,31.536
REGION1,SINGGCPH2,31.536
REGION1,SINGGCPN2,31.536
REGION1,SINGHPFH1,31.536
REGION1,SINGHPPH2,31.536
REGION1,SINGSTPH2,31.536
REGION1,SINUG2PH3,31.536
REGION1,SINUG3PN3,31.536
REGION1,SIOCWVPH1,31.536
REGION1,SISODIFH1,31.536
REGION1,SISOUTPH2,31.536
REGION1,SIWIONPH3,31.536
REGION1,SIWSCHPH2,31.536
REGION1,SIWSSTPH1,31.536
REGION1,SKBFHPFH1,31.536
REGION1,SKBMCCPH1,31.536
REGION1,SKBMCHPH3,31.536
REGION1,SKBMCSPN2,31.536
REGION1,SKBMSTPH3,31.536
REGION1,SKCOCHPH3,31.536
REGION1,SKCOCSPN2,31.536
REGION1,SKCOSTPH1,31.536
REGION1,SKCOSTPH3,31.536
REGION1,SKGOCVPH2,31.536
REGION1,SKHFCCPH2,31.536
REGION1,SKHFCHPH3,31.536
REGION1,SKHFGCPH3,31.536
REGION1,SKHFGCPN3,31.536
REGION1,SKHFHPFH1,31.536
REGION1,SKHFHPPH2,31.536
REGION1,SKHFSTPH2,31.536
REGION1,SKHFSTPH3,31.536
REGION1,SKHYDMPH0,31.536
REGION1,SKHYDMPH1,31.536
REGION1,SKHYDMPH2,31.536
REGION1,SKHYDMPH3,31.536
REGION1,SKHYDSPH2,31.536
REGION1,SKHYDSPH3,31.536
REGION1,SKNGCCPH2,31.536
REGION1,SKNGCHPH3,31.536
REGION1,SKNGCHPN3,31.536
REGION1,SKNGCSPN2,31.536
REGION1,SKNGFCFH1,31.536
REGION1,SKNGGCPH2,31.536
REGION1,SKNGGCPN2,31.536
REGION1,SKNGHPFH1,31.536
REGION1,SKNGHPPH2,31.536
REGION1,SKNGSTPH2,31.536
REGION1,SKNUG2PH3,31.536
REGION1,SKNUG3PN3,31.536
REGION1,SKSODIFH1,31.536
REGION1,SKSOUTPH2,31.536
REGION1,SKWIONPH3,31.536
REGION1,SKWSCHPH2,31.536
REGION1,SKWSSTPH1,31.536
REGION1,UKBFHPFH1,31.536
REGION1,UKBMCCPH1,31.536
REGION1,UKBMCHPH3,31.536
REGION1,UKBMCSPN2,31.536
REGION1,UKBMSTPH3,31.536
REGION1,UKCOCHPH3,31.536
REGION1,UKCOCSPN2,31.536
REGION1,UKCOSTPH1,31.536
REGION1,UKCOSTPH3,31.536
REGION1,UKGOCVPH2,31.536
REGION1,UKHFCCPH2,31.536
REGION1,UKHFCHPH3,31.536
REGION1,UKHFGCPH3,31.536
REGION1,UKHFGCPN3,31.536
REGION1,UKHFHPFH1,31.536
REGION1,UKHFHPPH2,31.536
REGION1,UKHFSTPH2,31.536
REGION1,UKHFSTPH3,31.536
REGION1,UKHYDMPH0,31.536
REGION1,UKHYDMPH1,31.536
REGION1,UKHYDMPH2,31.536
REGION1,UKHYDMPH3,31.536
REGION1,UKHYDSPH2,31.536
REGION1,UKHYDSPH3,31.536
REGION1,UKNGCCPH2,31.536
REGION1,UKNGCHPH3,31.536
REGION1,UKNGCHPN3,31.536
REGION1,UKNGCSPN2,31.536
REGION1,UKNGFCFH1,31.536
REGION1,UKNGGCPH2,31.536
REGION1,UKNGGCPN2,31.536
REGION1,UKNGHPFH1,31.536
REGION1,UKNGHPPH2,31.536
REGION1,UKNGSTPH2,31.536
REGION1,UKNUG2PH3,31.536
REGION1,UKNUG3PN3,31.536
REGION1,UKOCWVPH1,31.536
REGION1,UKSODIFH1,31.536
REGION1,UKSOUTPH2,31.536
REGION1,UKWIOFPH3,31.536
REGION1,UKWIOFPN2,31.536
REGION1,UKWIOFPN3,31.536
REGION1,UKWIONPH3,31.536
REGION1,UKWIONPN3,31.536
REGION1,UKWSCHPH2,31.536
REGION1,UKWSSTPH1,31.536
